capture_id,sample_index,timestamp_note,dynamic_instances,static_instances,changed_instances,tlas_memory_mb,tlas_scratch_mb,ptlas_memory_mb,ptlas_scratch_mb,animation_physics_gpu_ms,animation_update_instances_gpu_ms,tlas_update_gpu_ms,render_gpu_ms,compositing_gpu_ms,frame_gpu_ms,frame_cpu_ms,screenshot_path,notes
classic_tlas_refit,1,after initial 2s warmup,169231,1220175,5084,285.68,103.97,320.18,110.24,0.141,n/a,0.706,1.308,2.509,4.664,16.604,notes/ptlas-vk-sample-captures/screenshots/classic_tlas_refit.png,PTLAS inactive; Refit TLAS checked
classic_tlas_refit,2,after initial 2s warmup,169231,1220175,4624,285.68,103.97,320.18,110.24,0.127,n/a,0.668,1.185,2.675,4.656,16.614,notes/ptlas-vk-sample-captures/screenshots/classic_tlas_refit-sample2.png,PTLAS inactive; Refit TLAS checked
classic_tlas_refit,3,after initial 2s warmup,169231,1220175,4289,285.68,103.97,320.18,110.24,0.118,n/a,0.663,1.171,2.693,4.646,16.764,notes/ptlas-vk-sample-captures/screenshots/classic_tlas_refit-sample3.png,PTLAS inactive; Refit TLAS checked
classic_tlas_refit,4,after initial 2s warmup,169231,1220175,4148,285.68,103.97,320.18,110.24,0.116,n/a,0.664,1.159,2.638,4.577,16.788,notes/ptlas-vk-sample-captures/screenshots/classic_tlas_refit-sample4.png,PTLAS inactive; Refit TLAS checked
classic_tlas_refit,5,after initial 2s warmup,169231,1220175,4135,285.68,103.97,320.18,110.24,0.111,n/a,0.657,1.165,2.629,4.562,16.770,notes/ptlas-vk-sample-captures/screenshots/classic_tlas_refit-sample5.png,PTLAS inactive; Refit TLAS checked
classic_tlas_refit,6,after initial 2s warmup,169231,1220175,4101,285.68,103.97,320.18,110.24,0.107,n/a,0.657,1.153,2.459,4.377,16.822,notes/ptlas-vk-sample-captures/screenshots/classic_tlas_refit-sample6.png,PTLAS inactive; Refit TLAS checked
classic_tlas_refit,7,after initial 2s warmup,169231,1220175,4067,285.68,103.97,320.18,110.24,0.103,n/a,0.670,1.219,2.463,4.457,16.798,notes/ptlas-vk-sample-captures/screenshots/classic_tlas_refit-sample7.png,PTLAS inactive; Refit TLAS checked
classic_tlas_refit,8,after initial 2s warmup,169231,1220175,4026,285.68,103.97,320.18,110.24,0.103,n/a,0.681,1.259,2.512,4.556,16.816,notes/ptlas-vk-sample-captures/screenshots/classic_tlas_refit-sample8.png,PTLAS inactive; Refit TLAS checked
classic_tlas_refit,9,after initial 2s warmup,169231,1220175,4035,285.68,103.97,320.18,110.24,0.106,n/a,0.656,1.139,2.425,4.327,16.793,notes/ptlas-vk-sample-captures/screenshots/classic_tlas_refit-sample9.png,PTLAS inactive; Refit TLAS checked
classic_tlas_refit,10,after initial 2s warmup,169231,1220175,4011,285.68,103.97,320.18,110.24,0.105,n/a,0.676,1.225,2.503,4.510,16.680,notes/ptlas-vk-sample-captures/screenshots/classic_tlas_refit-sample10.png,PTLAS inactive; Refit TLAS checked
ptlas_local_partition,1,after initial 2s warmup,169231,1220175,206,285.68,103.97,320.18,110.24,0.122,0.018,0.573,1.178,2.407,4.298,16.659,notes/ptlas-vk-sample-captures/screenshots/ptlas_local_partition.png,PTLAS active; Always update partition
ptlas_local_partition,2,after initial 2s warmup,169231,1220175,118,285.68,103.97,320.18,110.24,0.121,0.018,0.556,1.182,2.481,4.358,16.786,notes/ptlas-vk-sample-captures/screenshots/ptlas_local_partition-sample2.png,PTLAS active; Always update partition
ptlas_local_partition,3,after initial 2s warmup,169231,1220175,66,285.68,103.97,320.18,110.24,0.118,0.017,0.555,1.206,2.457,4.354,16.820,notes/ptlas-vk-sample-captures/screenshots/ptlas_local_partition-sample3.png,PTLAS active; Always update partition
ptlas_local_partition,4,after initial 2s warmup,169231,1220175,40,285.68,103.97,320.18,110.24,0.113,0.017,0.554,1.184,2.440,4.310,16.805,notes/ptlas-vk-sample-captures/screenshots/ptlas_local_partition-sample4.png,PTLAS active; Always update partition
ptlas_local_partition,5,after initial 2s warmup,169231,1220175,34,285.68,103.97,320.18,110.24,0.109,0.017,0.554,1.216,2.529,4.426,16.673,notes/ptlas-vk-sample-captures/screenshots/ptlas_local_partition-sample5.png,PTLAS active; Always update partition
ptlas_local_partition,6,after initial 2s warmup,169231,1220175,23,285.68,103.97,320.18,110.24,0.104,0.017,0.539,1.191,2.453,4.305,16.597,notes/ptlas-vk-sample-captures/screenshots/ptlas_local_partition-sample6.png,PTLAS active; Always update partition
ptlas_local_partition,7,after initial 2s warmup,169231,1220175,21,285.68,103.97,320.18,110.24,0.102,0.017,0.535,1.149,2.380,4.184,16.658,notes/ptlas-vk-sample-captures/screenshots/ptlas_local_partition-sample7.png,PTLAS active; Always update partition
ptlas_local_partition,8,after initial 2s warmup,169231,1220175,17,285.68,103.97,320.18,110.24,0.102,0.017,0.520,1.153,2.379,4.172,16.654,notes/ptlas-vk-sample-captures/screenshots/ptlas_local_partition-sample8.png,PTLAS active; Always update partition
ptlas_local_partition,9,after initial 2s warmup,169231,1220175,11,285.68,103.97,320.18,110.24,0.102,0.017,0.494,1.150,2.390,4.155,16.698,notes/ptlas-vk-sample-captures/screenshots/ptlas_local_partition-sample9.png,PTLAS active; Always update partition
ptlas_local_partition,10,after initial 2s warmup,169231,1220175,5,285.68,103.97,320.18,110.24,0.102,0.017,0.489,1.178,2.467,4.253,16.760,notes/ptlas-vk-sample-captures/screenshots/ptlas_local_partition-sample10.png,PTLAS active; Always update partition
ptlas_global_partition,1,after initial 2s warmup,169231,1220175,173,285.68,103.97,320.18,110.24,0.133,0.024,0.592,1.281,2.565,4.594,16.747,notes/ptlas-vk-sample-captures/screenshots/ptlas_global_partition.png,PTLAS active; Always move dynamic to global
ptlas_global_partition,2,after initial 2s warmup,169231,1220175,102,285.68,103.97,320.18,110.24,0.120,0.017,0.563,1.189,2.439,4.329,16.813,notes/ptlas-vk-sample-captures/screenshots/ptlas_global_partition-sample2.png,PTLAS active; Always move dynamic to global
ptlas_global_partition,3,after initial 2s warmup,169231,1220175,51,285.68,103.97,320.18,110.24,0.117,0.017,0.554,1.190,2.453,4.333,16.803,notes/ptlas-vk-sample-captures/screenshots/ptlas_global_partition-sample3.png,PTLAS active; Always move dynamic to global
ptlas_global_partition,4,after initial 2s warmup,169231,1220175,35,285.68,103.97,320.18,110.24,0.117,0.020,0.568,1.251,2.492,4.449,16.718,notes/ptlas-vk-sample-captures/screenshots/ptlas_global_partition-sample4.png,PTLAS active; Always move dynamic to global
ptlas_global_partition,5,after initial 2s warmup,169231,1220175,28,285.68,103.97,320.18,110.24,0.120,0.020,0.601,1.362,2.630,4.735,16.661,notes/ptlas-vk-sample-captures/screenshots/ptlas_global_partition-sample5.png,PTLAS active; Always move dynamic to global
ptlas_global_partition,6,after initial 2s warmup,169231,1220175,23,285.68,103.97,320.18,110.24,0.107,0.017,0.572,1.258,2.510,4.464,16.760,notes/ptlas-vk-sample-captures/screenshots/ptlas_global_partition-sample6.png,PTLAS active; Always move dynamic to global
ptlas_global_partition,7,after initial 2s warmup,169231,1220175,20,285.68,103.97,320.18,110.24,0.106,0.017,0.556,1.195,2.438,4.312,16.732,notes/ptlas-vk-sample-captures/screenshots/ptlas_global_partition-sample7.png,PTLAS active; Always move dynamic to global
ptlas_global_partition,8,after initial 2s warmup,169231,1220175,16,285.68,103.97,320.18,110.24,0.109,0.017,0.532,1.224,2.466,4.348,16.761,notes/ptlas-vk-sample-captures/screenshots/ptlas_global_partition-sample8.png,PTLAS active; Always move dynamic to global
ptlas_global_partition,9,after initial 2s warmup,169231,1220175,8,285.68,103.97,320.18,110.24,0.104,0.017,0.507,1.191,2.413,4.233,16.794,notes/ptlas-vk-sample-captures/screenshots/ptlas_global_partition-sample9.png,PTLAS active; Always move dynamic to global
ptlas_global_partition,10,after initial 2s warmup,169231,1220175,3,285.68,103.97,320.18,110.24,0.104,0.017,0.464,1.189,2.414,4.189,16.797,notes/ptlas-vk-sample-captures/screenshots/ptlas_global_partition-sample10.png,PTLAS active; Always move dynamic to global
ptlas_local_partition_verified,1,verified reset then 2s warmup,169231,1220175,14652,285.68,103.97,320.18,110.24,0.226,0.018,1.393,1.271,2.623,5.532,16.604,notes/ptlas-vk-sample-captures/screenshots/ptlas_local_partition_verified.png,Verified reset; PTLAS active; Always update partition
ptlas_local_partition_verified,2,verified reset then 2s warmup,169231,1220175,16136,285.68,103.97,320.18,110.24,0.243,0.020,1.318,1.310,2.725,5.616,16.740,notes/ptlas-vk-sample-captures/screenshots/ptlas_local_partition_verified-sample2.png,Verified reset; PTLAS active; Always update partition
ptlas_local_partition_verified,3,verified reset then 2s warmup,169231,1220175,16157,285.68,103.97,320.18,110.24,0.246,0.021,1.249,1.257,2.395,5.169,16.729,notes/ptlas-vk-sample-captures/screenshots/ptlas_local_partition_verified-sample3.png,Verified reset; PTLAS active; Always update partition
ptlas_local_partition_verified,4,verified reset then 2s warmup,169231,1220175,14147,285.68,103.97,320.18,110.24,0.230,0.021,1.161,1.180,2.435,5.029,16.737,notes/ptlas-vk-sample-captures/screenshots/ptlas_local_partition_verified-sample4.png,Verified reset; PTLAS active; Always update partition
ptlas_local_partition_verified,5,verified reset then 2s warmup,169231,1220175,10895,285.68,103.97,320.18,110.24,0.223,0.022,1.097,1.182,2.438,4.964,16.765,notes/ptlas-vk-sample-captures/screenshots/ptlas_local_partition_verified-sample5.png,Verified reset; PTLAS active; Always update partition
ptlas_local_partition_verified,6,verified reset then 2s warmup,169231,1220175,7597,285.68,103.97,320.18,110.24,0.203,0.018,0.990,1.205,2.524,4.940,16.728,notes/ptlas-vk-sample-captures/screenshots/ptlas_local_partition_verified-sample6.png,Verified reset; PTLAS active; Always update partition
ptlas_local_partition_verified,7,verified reset then 2s warmup,169231,1220175,4791,285.68,103.97,320.18,110.24,0.194,0.017,0.964,1.474,2.695,5.346,16.677,notes/ptlas-vk-sample-captures/screenshots/ptlas_local_partition_verified-sample7.png,Verified reset; PTLAS active; Always update partition
ptlas_local_partition_verified,8,verified reset then 2s warmup,169231,1220175,2767,285.68,103.97,320.18,110.24,0.174,0.018,0.880,1.370,2.495,4.938,16.764,notes/ptlas-vk-sample-captures/screenshots/ptlas_local_partition_verified-sample8.png,Verified reset; PTLAS active; Always update partition
ptlas_local_partition_verified,9,verified reset then 2s warmup,169231,1220175,1595,285.68,103.97,320.18,110.24,0.152,0.018,0.725,1.227,2.512,4.635,16.824,notes/ptlas-vk-sample-captures/screenshots/ptlas_local_partition_verified-sample9.png,Verified reset; PTLAS active; Always update partition
ptlas_local_partition_verified,10,verified reset then 2s warmup,169231,1220175,760,285.68,103.97,320.18,110.24,0.140,0.018,0.647,1.225,2.470,4.501,16.797,notes/ptlas-vk-sample-captures/screenshots/ptlas_local_partition_verified-sample10.png,Verified reset; PTLAS active; Always update partition
ptlas_global_partition_verified,1,verified reset then 2s warmup,169231,1220175,14521,285.68,103.97,320.18,110.24,0.220,0.018,1.364,1.503,2.447,5.552,16.661,notes/ptlas-vk-sample-captures/screenshots/ptlas_global_partition_verified.png,Verified reset; PTLAS active; Always move dynamic to global
ptlas_global_partition_verified,2,verified reset then 2s warmup,169231,1220175,16090,285.68,103.97,320.18,110.24,0.237,0.018,1.298,1.502,2.458,5.514,16.786,notes/ptlas-vk-sample-captures/screenshots/ptlas_global_partition_verified-sample2.png,Verified reset; PTLAS active; Always move dynamic to global
ptlas_global_partition_verified,3,verified reset then 2s warmup,169231,1220175,16141,285.68,103.97,320.18,110.24,0.240,0.019,1.243,1.454,2.457,5.413,16.658,notes/ptlas-vk-sample-captures/screenshots/ptlas_global_partition_verified-sample3.png,Verified reset; PTLAS active; Always move dynamic to global
ptlas_global_partition_verified,4,verified reset then 2s warmup,169231,1220175,14439,285.68,103.97,320.18,110.24,0.233,0.019,1.213,1.435,2.460,5.360,16.658,notes/ptlas-vk-sample-captures/screenshots/ptlas_global_partition_verified-sample4.png,Verified reset; PTLAS active; Always move dynamic to global
ptlas_global_partition_verified,5,verified reset then 2s warmup,169231,1220175,11017,285.68,103.97,320.18,110.24,0.219,0.018,1.128,1.442,2.450,5.257,16.722,notes/ptlas-vk-sample-captures/screenshots/ptlas_global_partition_verified-sample5.png,Verified reset; PTLAS active; Always move dynamic to global
ptlas_global_partition_verified,6,verified reset then 2s warmup,169231,1220175,7597,285.68,103.97,320.18,110.24,0.229,0.018,1.112,1.519,2.478,5.357,16.707,notes/ptlas-vk-sample-captures/screenshots/ptlas_global_partition_verified-sample6.png,Verified reset; PTLAS active; Always move dynamic to global
ptlas_global_partition_verified,7,verified reset then 2s warmup,169231,1220175,4817,285.68,103.97,320.18,110.24,0.214,0.018,1.022,1.378,2.460,5.093,16.815,notes/ptlas-vk-sample-captures/screenshots/ptlas_global_partition_verified-sample7.png,Verified reset; PTLAS active; Always move dynamic to global
ptlas_global_partition_verified,8,verified reset then 2s warmup,169231,1220175,2796,285.68,103.97,320.18,110.24,0.172,0.018,0.826,1.169,2.428,4.614,16.757,notes/ptlas-vk-sample-captures/screenshots/ptlas_global_partition_verified-sample8.png,Verified reset; PTLAS active; Always move dynamic to global
ptlas_global_partition_verified,9,verified reset then 2s warmup,169231,1220175,1606,285.68,103.97,320.18,110.24,0.151,0.018,0.700,1.288,2.694,4.852,16.715,notes/ptlas-vk-sample-captures/screenshots/ptlas_global_partition_verified-sample9.png,Verified reset; PTLAS active; Always move dynamic to global
ptlas_global_partition_verified,10,verified reset then 2s warmup,169231,1220175,760,285.68,103.97,320.18,110.24,0.150,0.023,0.688,1.384,2.673,4.919,16.723,notes/ptlas-vk-sample-captures/screenshots/ptlas_global_partition_verified-sample10.png,Verified reset; PTLAS active; Always move dynamic to global
ptlas_hybrid_distance,1,verified reset then 2s warmup; mode distance 100.000,169231,1220175,14583,285.68,103.97,320.18,110.24,0.229,0.018,1.383,1.285,2.511,5.427,16.806,notes/ptlas-vk-sample-captures/screenshots/ptlas_hybrid_distance.png,Verified reset; PTLAS active; hybrid nearby/local otherwise global
ptlas_hybrid_distance,2,verified reset then 2s warmup; mode distance 100.000,169231,1220175,16111,285.68,103.97,320.18,110.24,0.248,0.020,1.307,1.173,2.488,5.236,16.818,notes/ptlas-vk-sample-captures/screenshots/ptlas_hybrid_distance-sample2.png,Verified reset; PTLAS active; hybrid nearby/local otherwise global
ptlas_hybrid_distance,3,verified reset then 2s warmup; mode distance 100.000,169231,1220175,16132,285.68,103.97,320.18,110.24,0.245,0.021,1.249,1.243,2.485,5.242,16.825,notes/ptlas-vk-sample-captures/screenshots/ptlas_hybrid_distance-sample3.png,Verified reset; PTLAS active; hybrid nearby/local otherwise global
ptlas_hybrid_distance,4,verified reset then 2s warmup; mode distance 100.000,169231,1220175,14439,285.68,103.97,320.18,110.24,0.259,0.019,1.328,1.347,2.438,5.392,16.736,notes/ptlas-vk-sample-captures/screenshots/ptlas_hybrid_distance-sample4.png,Verified reset; PTLAS active; hybrid nearby/local otherwise global
ptlas_hybrid_distance,5,verified reset then 2s warmup; mode distance 100.000,169231,1220175,11017,285.68,103.97,320.18,110.24,0.237,0.018,1.182,1.314,2.515,5.266,16.550,notes/ptlas-vk-sample-captures/screenshots/ptlas_hybrid_distance-sample5.png,Verified reset; PTLAS active; hybrid nearby/local otherwise global
ptlas_hybrid_distance,6,verified reset then 2s warmup; mode distance 100.000,169231,1220175,7636,285.68,103.97,320.18,110.24,0.204,0.018,0.980,1.165,2.441,4.810,16.654,notes/ptlas-vk-sample-captures/screenshots/ptlas_hybrid_distance-sample6.png,Verified reset; PTLAS active; hybrid nearby/local otherwise global
ptlas_hybrid_distance,7,verified reset then 2s warmup; mode distance 100.000,169231,1220175,4868,285.68,103.97,320.18,110.24,0.186,0.018,0.919,1.204,2.429,4.756,16.783,notes/ptlas-vk-sample-captures/screenshots/ptlas_hybrid_distance-sample7.png,Verified reset; PTLAS active; hybrid nearby/local otherwise global
ptlas_hybrid_distance,8,verified reset then 2s warmup; mode distance 100.000,169231,1220175,2876,285.68,103.97,320.18,110.24,0.200,0.021,0.886,1.404,2.505,5.017,16.774,notes/ptlas-vk-sample-captures/screenshots/ptlas_hybrid_distance-sample8.png,Verified reset; PTLAS active; hybrid nearby/local otherwise global
ptlas_hybrid_distance,9,verified reset then 2s warmup; mode distance 100.000,169231,1220175,1630,285.68,103.97,320.18,110.24,0.170,0.018,0.733,1.416,2.511,4.848,16.749,notes/ptlas-vk-sample-captures/screenshots/ptlas_hybrid_distance-sample9.png,Verified reset; PTLAS active; hybrid nearby/local otherwise global
ptlas_hybrid_distance,10,verified reset then 2s warmup; mode distance 100.000,169231,1220175,788,285.68,103.97,320.18,110.24,0.138,0.018,0.637,1.362,2.552,4.707,16.853,notes/ptlas-vk-sample-captures/screenshots/ptlas_hybrid_distance-sample10.png,Verified reset; PTLAS active; hybrid nearby/local otherwise global
